max,2865,229
balance -l; balance -l; balance -l; balance -l; balance -l; balance -l; balance -l; balance -l; balance -l; balance -l; balance -l; balance -l; balance -l; balance -l; balance -l; balance -l; balance -l; balance -l; balance -l; balance -l; balance -l; balance -l; balance -l; balance -l; balance -l; balance -l; balance -l; balance -l; balance -l; balance -l; balance -l; balance -l; balance -l; balance -l; balance -l; balance -l; balance -l; balance -l; balance -l; balance -l; balance -l; balance -l; balance -l; balance -l; balance -l; balance -l; balance -l; balance -l; balance -l; balance -l; balance -l; balance -l; balance -l; balance -l; balance -l; balance -l; balance -l; balance -l; balance -l; balance -l; balance -l; balance -l; balance -l; balance -l; balance -l; balance -l; balance -l; balance -l; balance -l; balance -l; balance -l; balance -l; balance -l; balance -l; balance -l; balance -l; balance -l; balance -l; balance -l; balance -l; balance -l; balance -l; balance -l; balance -l; balance -l; balance -l; balance -l; balance -l; balance -l; balance -l; balance -l; balance -l; balance -l; balance -l; balance -l; balance -l; balance -l; balance -l; balance -l; balance -l; balance -l; balance -l; balance -l; balance -l; balance -l; balance -l; balance -l; balance -l; balance -l; balance -l; balance -l; balance -l; balance -l; balance -l; balance -l; balance -l; balance -l; balance -l; balance -l; balance -l; balance -l; balance -l; balance -l; balance -l; balance -l; balance -l; balance -l; balance -l; balance -l; balance -l; balance -l; balance -l; balance -l; balance -l; balance -l; balance -l; balance -l; balance -l; balance -l; balance -l; balance -l; balance -l; balance -l; balance -l; balance -l; balance -l; balance -l; balance -l; balance -l; balance -l; balance -l; balance -l; balance -l; balance -l; balance -l; balance -l; balance -l; balance -l; balance -l; balance -l; balance -l; balance -l; balance -l; balance -l; balance -l; balance -l; balance -l; balance -l; balance -l; balance -l; balance -l; balance -l; balance -l; balance -l; balance -l; balance -l; balance -l; balance -l; balance -l; balance -l; balance -l; balance -l; balance -l; balance -l; balance -l; balance -l; balance -l; balance -l; balance -l; balance -l; balance -l; balance -l; balance -l; balance -l; balance -l; balance -l; balance -l; balance -l; balance -l; balance -l; balance -l; balance -l; balance -l; balance -l; balance -l; balance -l; balance -l; balance -l; balance -l; balance -l; balance -l; balance -l; balance -l; balance -l; balance -l; balance -l; balance -l; balance -l; balance -l; balance -l; balance -l; balance -l; balance -l; balance -l; balance -l; balance -l; balance -l; balance -l; balance -l; balance -l; balance -l; balance -l; balance -l; balance -l; balance -l; balance -l; balance -l; balance -l; balance -l; balance -l; balance -l; balance -l; balance -l; balance -l; balance -l; balance -l; balance -l; balance -l; balance -l; balance -l; balance -l; balance -l; balance -l; balance -l; balance -l; balance -l; balance -l; balance -l; balance -l; balance -l; balance -l; balance -l; balance -l; balance -l; balance -l; balance -l; balance -l; balance -l; balance -l; balance -l; balance -l; balance -l; balance -l; balance -l; balance -l; balance -l; balance -l; balance -l; balance -l; balance -l; balance -l; balance -l; balance -l; balance -l; balance -l; balance -l; balance -l; balance -l; balance -l; balance -l; balance -l; balance -l; balance -l; balance -l; balance -l; balance -l; balance -l; balance -l; balance -l; balance -l; balance -l; balance -l; balance -l; balance -l; balance -l; balance -l; balance -l; balance -l; balance -l; balance -l; balance -l; balance -l; balance -l; balance -l; balance -l; balance -l; balance -l; balance -l; balance -l; balance -l; balance -l; balance -l; balance -l; balance -l; balance -l; balance -l; balance -l; balance -l; balance -l; balance -l; balance -l; balance -l; balance -l; balance -l; balance -l; balance -l; balance -l; balance -l; balance -l; balance -l; balance -l; balance -l; balance -l; balance -l; balance -l; balance -l; balance -l; balance -l; balance -l; balance -l; balance -l; balance -l; balance -l; balance -l; balance -l; balance -l; balance -l; balance -l; balance -l; balance -l; balance -l; balance -l; balance -l; balance -l; balance -l; balance -l; balance -l; balance -l; balance -l; balance -l; balance -l; balance -l; balance -l; balance -l; balance -l; balance -l; balance -l; balance -l; balance -l; balance -l; balance -l; balance -l; balance -l; balance -l; balance -l; balance -l; balance -l; balance -l; balance -l; balance -l; balance -l; balance -l; balance -l; balance -l; balance -l; balance -l; balance -l; balance -l; balance -l; balance -l; balance -l; balance -l; balance -l; balance -l; balance -l; balance -l; balance -l; balance -l; balance -l; balance -l; balance -l; balance -l; balance -l; balance -l; 
414
i2c,1098,17
balance -l; balance -l; balance -l; refactor -z -l; balance -l; rewrite -z -l; balance -l; balance -l; balance -l; refactor -z -l; balance -l; rewrite -z -l; balance -l; balance -l; balance -l; refactor -z -l; balance -l; balance -l; balance -l; rewrite -z -l; balance -l; balance -l; balance -l; rewrite -z -l; balance -l; balance -l; balance -l; rewrite -z -l; balance -l; balance -l; balance -l; rewrite -z -l; balance -l; balance -l; balance -l; rewrite -z -l; balance -l; balance -l; balance -l; rewrite -z -l; balance -l; balance -l; balance -l; rewrite -z -l; balance -l; balance -l; balance -l; rewrite -z -l; balance -l; balance -l; balance -l; rewrite -z -l; balance -l; balance -l; balance -l; rewrite -z -l; balance -l; balance -l; balance -l; rewrite -z -l; balance -l; balance -l; balance -l; rewrite -z -l; balance -l; balance -l; balance -l; rewrite -z -l; balance -l; balance -l; balance -l; rewrite -z -l; balance -l; balance -l; balance -l; rewrite -z -l; balance -l; balance -l; balance -l; rewrite -z -l; balance -l; balance -l; balance -l; rewrite -z -l; 
84
router,257,27
balance -l; balance -l; balance -l; balance -l; balance -l; balance -l; balance -l; balance -l; balance -l; balance -l; balance -l; balance -l; balance -l; balance -l; balance -l; balance -l; balance -l; balance -l; balance -l; balance -l; balance -l; balance -l; balance -l; balance -l; balance -l; balance -l; balance -l; balance -l; balance -l; balance -l; balance -l; balance -l; balance -l; balance -l; balance -l; balance -l; balance -l; balance -l; balance -l; balance -l; balance -l; balance -l; balance -l; balance -l; balance -l; balance -l; balance -l; balance -l; balance -l; balance -l; balance -l; balance -l; balance -l; balance -l; balance -l; balance -l; balance -l; balance -l; balance -l; balance -l; balance -l; balance -l; balance -l; balance -l; balance -l; balance -l; balance -l; balance -l; balance -l; balance -l; balance -l; balance -l; balance -l; balance -l; balance -l; balance -l; balance -l; balance -l; balance -l; balance -l; balance -l; balance -l; balance -l; balance -l; balance -l; balance -l; balance -l; balance -l; balance -l; balance -l; balance -l; balance -l; balance -l; balance -l; balance -l; balance -l; balance -l; balance -l; balance -l; balance -l; balance -l; balance -l; balance -l; balance -l; balance -l; balance -l; balance -l; balance -l; balance -l; balance -l; balance -l; balance -l; balance -l; balance -l; balance -l; balance -l; balance -l; balance -l; balance -l; balance -l; balance -l; balance -l; balance -l; balance -l; balance -l; balance -l; balance -l; balance -l; balance -l; balance -l; balance -l; balance -l; balance -l; balance -l; balance -l; balance -l; balance -l; balance -l; balance -l; balance -l; balance -l; balance -l; balance -l; balance -l; balance -l; balance -l; balance -l; balance -l; balance -l; balance -l; balance -l; balance -l; balance -l; balance -l; balance -l; balance -l; balance -l; balance -l; balance -l; balance -l; balance -l; balance -l; balance -l; balance -l; balance -l; balance -l; balance -l; balance -l; balance -l; balance -l; balance -l; balance -l; balance -l; balance -l; balance -l; balance -l; balance -l; balance -l; balance -l; balance -l; balance -l; balance -l; balance -l; balance -l; balance -l; balance -l; balance -l; balance -l; balance -l; balance -l; balance -l; balance -l; balance -l; balance -l; balance -l; balance -l; balance -l; balance -l; balance -l; balance -l; balance -l; balance -l; balance -l; balance -l; balance -l; balance -l; balance -l; balance -l; balance -l; balance -l; balance -l; balance -l; balance -l; balance -l; balance -l; balance -l; balance -l; balance -l; balance -l; balance -l; balance -l; balance -l; balance -l; balance -l; balance -l; balance -l; balance -l; balance -l; balance -l; balance -l; balance -l; balance -l; balance -l; balance -l; balance -l; balance -l; balance -l; balance -l; balance -l; balance -l; balance -l; balance -l; balance -l; balance -l; balance -l; balance -l; balance -l; balance -l; balance -l; balance -l; balance -l; balance -l; balance -l; balance -l; 
254
voter,12667,70
balance -l; balance -l; balance -l; balance -l; balance -l; balance -l; balance -l; balance -l; balance -l; balance -l; balance -l; balance -l; balance -l; balance -l; balance -l; balance -l; balance -l; balance -l; balance -l; balance -l; balance -l; balance -l; balance -l; balance -l; balance -l; balance -l; balance -l; balance -l; balance -l; balance -l; balance -l; balance -l; balance -l; balance -l; balance -l; balance -l; balance -l; balance -l; balance -l; balance -l; balance -l; balance -l; balance -l; balance -l; balance -l; balance -l; balance -l; balance -l; balance -l; balance -l; balance -l; balance -l; balance -l; balance -l; balance -l; balance -l; balance -l; balance -l; balance -l; balance -l; balance -l; balance -l; balance -l; balance -l; balance -l; balance -l; balance -l; balance -l; balance -l; balance -l; balance -l; balance -l; balance -l; balance -l; balance -l; balance -l; balance -l; balance -l; balance -l; balance -l; balance -l; balance -l; balance -l; balance -l; balance -l; balance -l; balance -l; balance -l; balance -l; balance -l; balance -l; balance -l; balance -l; balance -l; balance -l; balance -l; balance -l; balance -l; balance -l; balance -l; balance -l; balance -l; balance -l; balance -l; balance -l; balance -l; balance -l; balance -l; balance -l; balance -l; balance -l; balance -l; balance -l; balance -l; balance -l; balance -l; balance -l; balance -l; balance -l; balance -l; balance -l; balance -l; balance -l; balance -l; balance -l; balance -l; balance -l; balance -l; balance -l; balance -l; balance -l; balance -l; balance -l; balance -l; balance -l; balance -l; balance -l; balance -l; balance -l; balance -l; balance -l; balance -l; balance -l; balance -l; balance -l; balance -l; balance -l; balance -l; balance -l; balance -l; balance -l; balance -l; balance -l; balance -l; balance -l; balance -l; balance -l; balance -l; balance -l; balance -l; balance -l; balance -l; balance -l; balance -l; balance -l; balance -l; balance -l; balance -l; balance -l; balance -l; balance -l; balance -l; balance -l; balance -l; balance -l; balance -l; balance -l; balance -l; balance -l; balance -l; balance -l; balance -l; balance -l; balance -l; balance -l; balance -l; balance -l; balance -l; balance -l; balance -l; balance -l; balance -l; balance -l; balance -l; balance -l; balance -l; balance -l; balance -l; balance -l; balance -l; balance -l; balance -l; balance -l; balance -l; balance -l; balance -l; balance -l; balance -l; balance -l; balance -l; balance -l; balance -l; balance -l; balance -l; balance -l; balance -l; balance -l; balance -l; balance -l; balance -l; balance -l; balance -l; balance -l; balance -l; balance -l; balance -l; balance -l; balance -l; balance -l; balance -l; balance -l; balance -l; balance -l; balance -l; balance -l; balance -l; balance -l; balance -l; balance -l; balance -l; balance -l; balance -l; balance -l; balance -l; balance -l; balance -l; balance -l; balance -l; balance -l; balance -l; balance -l; balance -l; balance -l; balance -l; balance -l; balance -l; balance -l; balance -l; balance -l; balance -l; balance -l; balance -l; balance -l; balance -l; balance -l; balance -l; balance -l; balance -l; balance -l; balance -l; balance -l; balance -l; balance -l; balance -l; balance -l; balance -l; balance -l; balance -l; balance -l; balance -l; balance -l; balance -l; balance -l; balance -l; balance -l; balance -l; balance -l; balance -l; balance -l; balance -l; balance -l; balance -l; balance -l; balance -l; balance -l; balance -l; balance -l; balance -l; balance -l; balance -l; balance -l; balance -l; balance -l; balance -l; balance -l; balance -l; balance -l; balance -l; balance -l; balance -l; balance -l; balance -l; balance -l; balance -l; balance -l; balance -l; balance -l; balance -l; balance -l; balance -l; balance -l; balance -l; balance -l; balance -l; balance -l; balance -l; balance -l; balance -l; balance -l; balance -l; balance -l; balance -l; balance -l; balance -l; balance -l; balance -l; balance -l; balance -l; balance -l; balance -l; balance -l; balance -l; balance -l; balance -l; balance -l; balance -l; balance -l; balance -l; balance -l; balance -l; balance -l; balance -l; balance -l; balance -l; balance -l; balance -l; balance -l; balance -l; balance -l; balance -l; balance -l; balance -l; balance -l; balance -l; balance -l; balance -l; balance -l; balance -l; balance -l; balance -l; balance -l; balance -l; balance -l; balance -l; balance -l; balance -l; balance -l; balance -l; balance -l; balance -l; balance -l; balance -l; balance -l; balance -l; balance -l; balance -l; balance -l; balance -l; balance -l; balance -l; balance -l; balance -l; balance -l; balance -l; balance -l; balance -l; balance -l; balance -l; balance -l; balance -l; balance -l; balance -l; balance -l; balance -l; balance -l; balance -l; balance -l; balance -l; balance -l; balance -l; balance -l; balance -l; balance -l; balance -l; balance -l; balance -l; balance -l; balance -l; balance -l; balance -l; balance -l; balance -l; balance -l; balance -l; balance -l; balance -l; balance -l; balance -l; balance -l; balance -l; balance -l; balance -l; balance -l; balance -l; balance -l; balance -l; balance -l; balance -l; balance -l; balance -l; balance -l; balance -l; balance -l; balance -l; balance -l; balance -l; balance -l; balance -l; balance -l; balance -l; balance -l; balance -l; balance -l; balance -l; balance -l; balance -l; balance -l; balance -l; balance -l; balance -l; balance -l; balance -l; balance -l; balance -l; balance -l; balance -l; balance -l; balance -l; balance -l; balance -l; balance -l; balance -l; balance -l; balance -l; balance -l; balance -l; balance -l; balance -l; balance -l; balance -l; balance -l; balance -l; balance -l; balance -l; balance -l; balance -l; balance -l; balance -l; balance -l; balance -l; balance -l; balance -l; balance -l; balance -l; balance -l; balance -l; balance -l; balance -l; balance -l; balance -l; balance -l; balance -l; balance -l; balance -l; balance -l; balance -l; balance -l; balance -l; balance -l; balance -l; balance -l; balance -l; balance -l; balance -l; balance -l; balance -l; balance -l; balance -l; balance -l; balance -l; balance -l; balance -l; balance -l; balance -l; balance -l; balance -l; balance -l; balance -l; balance -l; balance -l; balance -l; balance -l; balance -l; balance -l; balance -l; balance -l; balance -l; balance -l; balance -l; balance -l; balance -l; balance -l; balance -l; balance -l; balance -l; balance -l; balance -l; balance -l; balance -l; balance -l; balance -l; balance -l; balance -l; balance -l; balance -l; balance -l; balance -l; balance -l; balance -l; balance -l; balance -l; balance -l; balance -l; balance -l; balance -l; balance -l; balance -l; balance -l; balance -l; balance -l; balance -l; balance -l; balance -l; balance -l; balance -l; balance -l; balance -l; balance -l; balance -l; balance -l; balance -l; balance -l; balance -l; balance -l; balance -l; balance -l; balance -l; balance -l; balance -l; balance -l; balance -l; balance -l; balance -l; balance -l; balance -l; balance -l; balance -l; balance -l; balance -l; balance -l; balance -l; balance -l; balance -l; balance -l; balance -l; balance -l; balance -l; balance -l; balance -l; balance -l; balance -l; balance -l; balance -l; balance -l; balance -l; balance -l; balance -l; balance -l; balance -l; balance -l; balance -l; balance -l; balance -l; balance -l; balance -l; balance -l; balance -l; balance -l; balance -l; balance -l; balance -l; balance -l; balance -l; balance -l; balance -l; balance -l; balance -l; balance -l; balance -l; balance -l; balance -l; balance -l; balance -l; balance -l; balance -l; balance -l; balance -l; balance -l; balance -l; balance -l; balance -l; balance -l; balance -l; balance -l; balance -l; balance -l; balance -l; balance -l; balance -l; balance -l; balance -l; balance -l; balance -l; balance -l; balance -l; 
665
priority,473,49
resub -K 8 -N 2 -l; resub -K 8 -N 2 -l; balance -l; resub -K 8 -N 2 -l; resub -K 8 -N 2 -l; resub -K 8 -N 2 -l; balance -l; resub -K 8 -N 2 -l; resub -K 8 -N 2 -l; resub -K 8 -N 2 -l; balance -l; resub -K 8 -N 2 -l; resub -K 8 -N 2 -l; balance -l; balance -l; refactor -z -l; refactor -z -l; resub -K 8 -N 2 -l; balance -l; rewrite -z -l; rewrite -z -l; balance -l; balance -l; rewrite -z -l; rewrite -z -l; balance -l; balance -l; rewrite -z -l; rewrite -z -l; rewrite -z -l; balance -l; rewrite -z -l; rewrite -z -l; rewrite -z -l; balance -l; rewrite -z -l; rewrite -z -l; 
37
int2float,235,15
balance -l; balance -l; balance -l; balance -l; balance -l; balance -l; balance -l; balance -l; balance -l; balance -l; balance -l; balance -l; balance -l; balance -l; balance -l; balance -l; balance -l; balance -l; balance -l; balance -l; balance -l; balance -l; balance -l; balance -l; balance -l; balance -l; balance -l; balance -l; balance -l; balance -l; balance -l; balance -l; balance -l; balance -l; balance -l; balance -l; balance -l; balance -l; balance -l; balance -l; balance -l; balance -l; balance -l; balance -l; balance -l; balance -l; balance -l; balance -l; balance -l; balance -l; balance -l; balance -l; balance -l; balance -l; balance -l; balance -l; balance -l; balance -l; balance -l; balance -l; balance -l; balance -l; balance -l; balance -l; balance -l; balance -l; balance -l; balance -l; balance -l; balance -l; balance -l; balance -l; balance -l; balance -l; balance -l; balance -l; balance -l; balance -l; balance -l; balance -l; balance -l; balance -l; balance -l; balance -l; balance -l; balance -l; balance -l; balance -l; balance -l; balance -l; balance -l; balance -l; balance -l; balance -l; balance -l; balance -l; balance -l; balance -l; balance -l; balance -l; balance -l; balance -l; balance -l; balance -l; balance -l; balance -l; balance -l; balance -l; balance -l; balance -l; balance -l; balance -l; balance -l; balance -l; balance -l; balance -l; balance -l; balance -l; balance -l; balance -l; balance -l; balance -l; balance -l; balance -l; balance -l; balance -l; balance -l; balance -l; balance -l; balance -l; balance -l; balance -l; balance -l; balance -l; balance -l; balance -l; balance -l; balance -l; balance -l; balance -l; balance -l; balance -l; balance -l; balance -l; balance -l; balance -l; balance -l; balance -l; balance -l; balance -l; balance -l; balance -l; balance -l; balance -l; balance -l; balance -l; balance -l; balance -l; balance -l; balance -l; balance -l; balance -l; balance -l; balance -l; balance -l; balance -l; balance -l; balance -l; balance -l; balance -l; balance -l; balance -l; balance -l; balance -l; balance -l; balance -l; balance -l; balance -l; balance -l; balance -l; balance -l; balance -l; balance -l; balance -l; balance -l; balance -l; balance -l; balance -l; balance -l; balance -l; balance -l; balance -l; balance -l; balance -l; balance -l; balance -l; balance -l; balance -l; balance -l; balance -l; balance -l; balance -l; balance -l; balance -l; balance -l; balance -l; balance -l; balance -l; balance -l; balance -l; balance -l; balance -l; balance -l; balance -l; balance -l; balance -l; balance -l; balance -l; balance -l; balance -l; balance -l; balance -l; balance -l; balance -l; balance -l; balance -l; balance -l; balance -l; balance -l; balance -l; balance -l; balance -l; balance -l; balance -l; balance -l; balance -l; balance -l; balance -l; balance -l; balance -l; balance -l; balance -l; balance -l; balance -l; balance -l; balance -l; balance -l; balance -l; balance -l; balance -l; balance -l; balance -l; balance -l; balance -l; balance -l; balance -l; balance -l; balance -l; balance -l; balance -l; balance -l; balance -l; balance -l; balance -l; balance -l; balance -l; balance -l; balance -l; balance -l; balance -l; balance -l; balance -l; balance -l; balance -l; balance -l; balance -l; balance -l; balance -l; balance -l; balance -l; balance -l; balance -l; balance -l; balance -l; balance -l; balance -l; balance -l; balance -l; balance -l; balance -l; balance -l; balance -l; balance -l; balance -l; balance -l; balance -l; balance -l; balance -l; balance -l; balance -l; balance -l; balance -l; balance -l; balance -l; balance -l; balance -l; balance -l; balance -l; balance -l; balance -l; balance -l; balance -l; balance -l; balance -l; balance -l; balance -l; balance -l; balance -l; balance -l; balance -l; balance -l; balance -l; balance -l; balance -l; balance -l; balance -l; balance -l; balance -l; balance -l; balance -l; balance -l; balance -l; balance -l; balance -l; balance -l; balance -l; balance -l; balance -l; balance -l; balance -l; balance -l; balance -l; balance -l; balance -l; balance -l; balance -l; balance -l; balance -l; balance -l; balance -l; balance -l; balance -l; balance -l; balance -l; balance -l; balance -l; balance -l; balance -l; balance -l; balance -l; balance -l; balance -l; balance -l; balance -l; balance -l; balance -l; balance -l; balance -l; balance -l; balance -l; balance -l; balance -l; balance -l; balance -l; balance -l; balance -l; balance -l; balance -l; balance -l; balance -l; balance -l; balance -l; balance -l; balance -l; balance -l; balance -l; balance -l; balance -l; balance -l; balance -l; balance -l; balance -l; balance -l; balance -l; balance -l; balance -l; balance -l; balance -l; balance -l; balance -l; balance -l; balance -l; balance -l; balance -l; balance -l; balance -l; balance -l; balance -l; balance -l; balance -l; balance -l; balance -l; balance -l; balance -l; balance -l; balance -l; balance -l; balance -l; balance -l; balance -l; balance -l; balance -l; balance -l; balance -l; balance -l; balance -l; balance -l; balance -l; balance -l; balance -l; balance -l; balance -l; balance -l; balance -l; balance -l; balance -l; balance -l; balance -l; balance -l; balance -l; balance -l; balance -l; balance -l; balance -l; balance -l; balance -l; balance -l; balance -l; balance -l; balance -l; balance -l; balance -l; balance -l; balance -l; balance -l; balance -l; balance -l; balance -l; balance -l; balance -l; balance -l; balance -l; balance -l; balance -l; balance -l; balance -l; balance -l; balance -l; balance -l; balance -l; balance -l; balance -l; 
472
square,18309,250
balance -l; balance -l; balance -l; balance -l; balance -l; balance -l; balance -l; balance -l; balance -l; balance -l; balance -l; balance -l; balance -l; balance -l; balance -l; balance -l; balance -l; balance -l; balance -l; balance -l; balance -l; balance -l; balance -l; balance -l; balance -l; balance -l; balance -l; balance -l; balance -l; balance -l; balance -l; balance -l; balance -l; balance -l; balance -l; balance -l; balance -l; balance -l; balance -l; balance -l; balance -l; balance -l; balance -l; balance -l; balance -l; balance -l; balance -l; balance -l; balance -l; balance -l; balance -l; balance -l; balance -l; balance -l; balance -l; balance -l; balance -l; balance -l; balance -l; balance -l; balance -l; balance -l; balance -l; balance -l; balance -l; balance -l; balance -l; balance -l; balance -l; balance -l; balance -l; balance -l; balance -l; balance -l; 
74
sin,5124,188
balance -l; balance -l; balance -l; rewrite -z -l; balance -l; balance -l; balance -l; rewrite -z -l; balance -l; balance -l; balance -l; rewrite -z -l; balance -l; balance -l; balance -l; rewrite -z -l; balance -l; balance -l; balance -l; rewrite -z -l; balance -l; balance -l; balance -l; rewrite -z -l; balance -l; balance -l; balance -l; rewrite -z -l; balance -l; balance -l; balance -l; rewrite -z -l; balance -l; balance -l; balance -l; rewrite -z -l; balance -l; balance -l; balance -l; rewrite -z -l; balance -l; balance -l; balance -l; rewrite -z -l; balance -l; balance -l; balance -l; rewrite -z -l; balance -l; balance -l; balance -l; rewrite -z -l; balance -l; balance -l; balance -l; rewrite -z -l; balance -l; balance -l; balance -l; rewrite -z -l; balance -l; balance -l; balance -l; rewrite -z -l; balance -l; balance -l; balance -l; rewrite -z -l; balance -l; balance -l; balance -l; rewrite -z -l; balance -l; balance -l; balance -l; rewrite -z -l; balance -l; balance -l; balance -l; rewrite -z -l; balance -l; balance -l; balance -l; rewrite -z -l; balance -l; balance -l; balance -l; rewrite -z -l; 
88
i10,2102,38
balance -l; balance -l; balance -l; refactor -z -l; balance -l; balance -l; balance -l; refactor -z -l; balance -l; balance -l; balance -l; refactor -z -l; balance -l; balance -l; balance -l; refactor -z -l; balance -l; balance -l; balance -l; refactor -z -l; balance -l; balance -l; balance -l; refactor -z -l; balance -l; balance -l; balance -l; refactor -z -l; balance -l; balance -l; balance -l; refactor -z -l; balance -l; balance -l; balance -l; refactor -z -l; balance -l; balance -l; balance -l; refactor -z -l; balance -l; balance -l; balance -l; refactor -z -l; balance -l; balance -l; balance -l; refactor -z -l; balance -l; balance -l; balance -l; refactor -z -l; balance -l; balance -l; balance -l; refactor -z -l; balance -l; balance -l; balance -l; refactor -z -l; balance -l; balance -l; balance -l; refactor -z -l; balance -l; balance -l; balance -l; refactor -z -l; balance -l; balance -l; balance -l; refactor -z -l; balance -l; balance -l; balance -l; refactor -z -l; balance -l; balance -l; balance -l; refactor -z -l; balance -l; balance -l; balance -l; refactor -z -l; balance -l; balance -l; balance -l; refactor -z -l; balance -l; balance -l; balance -l; refactor -z -l; balance -l; balance -l; balance -l; balance -l; balance -l; balance -l; balance -l; balance -l; balance -l; balance -l; balance -l; balance -l; balance -l; balance -l; balance -l; balance -l; balance -l; balance -l; balance -l; balance -l; balance -l; balance -l; balance -l; balance -l; balance -l; balance -l; balance -l; balance -l; balance -l; balance -l; balance -l; balance -l; balance -l; balance -l; balance -l; balance -l; balance -l; balance -l; balance -l; balance -l; balance -l; balance -l; balance -l; balance -l; balance -l; balance -l; balance -l; balance -l; balance -l; balance -l; balance -l; balance -l; balance -l; balance -l; balance -l; balance -l; balance -l; balance -l; balance -l; balance -l; balance -l; balance -l; balance -l; balance -l; balance -l; balance -l; balance -l; balance -l; balance -l; balance -l; balance -l; balance -l; balance -l; balance -l; balance -l; balance -l; balance -l; balance -l; balance -l; balance -l; balance -l; balance -l; balance -l; balance -l; balance -l; balance -l; balance -l; balance -l; balance -l; balance -l; balance -l; balance -l; balance -l; balance -l; balance -l; balance -l; balance -l; balance -l; balance -l; balance -l; balance -l; balance -l; balance -l; balance -l; balance -l; balance -l; balance -l; balance -l; balance -l; balance -l; balance -l; balance -l; balance -l; balance -l; balance -l; balance -l; balance -l; balance -l; balance -l; balance -l; balance -l; balance -l; balance -l; balance -l; balance -l; balance -l; balance -l; balance -l; balance -l; balance -l; balance -l; balance -l; balance -l; balance -l; balance -l; balance -l; balance -l; balance -l; balance -l; balance -l; balance -l; balance -l; balance -l; balance -l; 
236
ctrl,126,8
refactor -z -l; refactor -z -l; refactor -z -l; refactor -z -l; refactor -z -l; refactor -z -l; refactor -z -l; refactor -z -l; refactor -z -l; refactor -z -l; refactor -z -l; refactor -z -l; refactor -z -l; refactor -z -l; refactor -z -l; refactor -z -l; refactor -z -l; refactor -z -l; refactor -z -l; refactor -z -l; refactor -z -l; refactor -z -l; refactor -z -l; refactor -z -l; refactor -z -l; refactor -z -l; refactor -z -l; refactor -z -l; refactor -z -l; refactor -z -l; refactor -z -l; refactor -z -l; refactor -z -l; refactor -z -l; refactor -z -l; refactor -z -l; refactor -z -l; refactor -z -l; refactor -z -l; refactor -z -l; refactor -z -l; refactor -z -l; refactor -z -l; refactor -z -l; refactor -z -l; refactor -z -l; refactor -z -l; refactor -z -l; refactor -z -l; refactor -z -l; refactor -z -l; refactor -z -l; refactor -z -l; refactor -z -l; refactor -z -l; refactor -z -l; refactor -z -l; refactor -z -l; refactor -z -l; refactor -z -l; refactor -z -l; refactor -z -l; refactor -z -l; refactor -z -l; refactor -z -l; refactor -z -l; refactor -z -l; refactor -z -l; refactor -z -l; refactor -z -l; refactor -z -l; refactor -z -l; refactor -z -l; refactor -z -l; refactor -z -l; refactor -z -l; refactor -z -l; refactor -z -l; refactor -z -l; refactor -z -l; refactor -z -l; refactor -z -l; refactor -z -l; refactor -z -l; refactor -z -l; refactor -z -l; refactor -z -l; refactor -z -l; refactor -z -l; refactor -z -l; refactor -z -l; 
91
cavlc,690,16
balance -l; balance -l; balance -l; balance -l; balance -l; balance -l; balance -l; balance -l; balance -l; balance -l; balance -l; balance -l; balance -l; balance -l; balance -l; balance -l; balance -l; balance -l; balance -l; balance -l; balance -l; balance -l; balance -l; balance -l; balance -l; balance -l; balance -l; balance -l; balance -l; balance -l; balance -l; balance -l; balance -l; balance -l; balance -l; balance -l; balance -l; balance -l; balance -l; balance -l; balance -l; balance -l; balance -l; balance -l; balance -l; balance -l; balance -l; balance -l; balance -l; balance -l; balance -l; balance -l; balance -l; balance -l; balance -l; balance -l; balance -l; balance -l; balance -l; balance -l; balance -l; balance -l; balance -l; balance -l; balance -l; balance -l; balance -l; balance -l; balance -l; balance -l; balance -l; balance -l; balance -l; balance -l; balance -l; balance -l; balance -l; balance -l; balance -l; balance -l; balance -l; balance -l; balance -l; balance -l; balance -l; balance -l; balance -l; balance -l; balance -l; balance -l; balance -l; balance -l; balance -l; balance -l; balance -l; balance -l; balance -l; balance -l; balance -l; balance -l; balance -l; balance -l; balance -l; balance -l; balance -l; balance -l; balance -l; balance -l; balance -l; balance -l; balance -l; balance -l; balance -l; balance -l; balance -l; balance -l; balance -l; balance -l; balance -l; balance -l; balance -l; balance -l; balance -l; balance -l; balance -l; balance -l; balance -l; balance -l; balance -l; balance -l; balance -l; balance -l; balance -l; balance -l; balance -l; balance -l; balance -l; balance -l; balance -l; balance -l; balance -l; balance -l; balance -l; balance -l; balance -l; balance -l; balance -l; balance -l; balance -l; balance -l; balance -l; balance -l; balance -l; balance -l; balance -l; balance -l; balance -l; balance -l; balance -l; balance -l; balance -l; balance -l; balance -l; balance -l; balance -l; balance -l; balance -l; balance -l; balance -l; balance -l; balance -l; balance -l; balance -l; balance -l; balance -l; balance -l; balance -l; balance -l; balance -l; balance -l; balance -l; balance -l; balance -l; balance -l; balance -l; balance -l; balance -l; balance -l; balance -l; balance -l; balance -l; balance -l; balance -l; balance -l; balance -l; balance -l; balance -l; balance -l; balance -l; balance -l; balance -l; balance -l; balance -l; balance -l; balance -l; balance -l; balance -l; balance -l; balance -l; balance -l; balance -l; balance -l; balance -l; balance -l; balance -l; balance -l; balance -l; balance -l; balance -l; balance -l; balance -l; balance -l; balance -l; balance -l; balance -l; balance -l; balance -l; balance -l; balance -l; balance -l; balance -l; balance -l; balance -l; balance -l; balance -l; balance -l; balance -l; balance -l; balance -l; balance -l; balance -l; balance -l; balance -l; balance -l; balance -l; balance -l; balance -l; balance -l; balance -l; balance -l; balance -l; balance -l; balance -l; balance -l; balance -l; balance -l; balance -l; balance -l; balance -l; balance -l; balance -l; balance -l; balance -l; balance -l; balance -l; balance -l; balance -l; balance -l; balance -l; balance -l; balance -l; balance -l; balance -l; balance -l; balance -l; balance -l; balance -l; balance -l; balance -l; balance -l; balance -l; balance -l; balance -l; balance -l; balance -l; balance -l; balance -l; balance -l; balance -l; balance -l; balance -l; balance -l; balance -l; balance -l; balance -l; balance -l; balance -l; balance -l; balance -l; balance -l; balance -l; balance -l; balance -l; balance -l; balance -l; balance -l; balance -l; balance -l; balance -l; balance -l; balance -l; balance -l; balance -l; balance -l; balance -l; balance -l; balance -l; balance -l; balance -l; balance -l; balance -l; balance -l; balance -l; balance -l; balance -l; balance -l; balance -l; balance -l; balance -l; balance -l; balance -l; balance -l; balance -l; balance -l; balance -l; balance -l; balance -l; balance -l; balance -l; balance -l; balance -l; balance -l; balance -l; balance -l; balance -l; balance -l; balance -l; balance -l; balance -l; balance -l; balance -l; balance -l; balance -l; balance -l; balance -l; balance -l; balance -l; balance -l; balance -l; balance -l; balance -l; balance -l; balance -l; balance -l; balance -l; balance -l; balance -l; balance -l; balance -l; balance -l; balance -l; balance -l; balance -l; balance -l; balance -l; balance -l; balance -l; balance -l; balance -l; balance -l; balance -l; balance -l; balance -l; balance -l; balance -l; balance -l; balance -l; balance -l; balance -l; balance -l; balance -l; balance -l; balance -l; balance -l; balance -l; balance -l; balance -l; balance -l; balance -l; balance -l; balance -l; balance -l; balance -l; balance -l; balance -l; balance -l; balance -l; balance -l; balance -l; balance -l; balance -l; balance -l; balance -l; balance -l; balance -l; balance -l; balance -l; balance -l; balance -l; balance -l; balance -l; balance -l; balance -l; balance -l; balance -l; balance -l; balance -l; balance -l; balance -l; balance -l; balance -l; balance -l; balance -l; balance -l; balance -l; balance -l; balance -l; balance -l; balance -l; balance -l; balance -l; balance -l; balance -l; balance -l; balance -l; balance -l; balance -l; balance -l; balance -l; balance -l; balance -l; balance -l; balance -l; balance -l; balance -l; balance -l; balance -l; balance -l; balance -l; balance -l; balance -l; balance -l; balance -l; balance -l; balance -l; balance -l; balance -l; balance -l; balance -l; balance -l; balance -l; balance -l; balance -l; balance -l; balance -l; balance -l; balance -l; balance -l; balance -l; balance -l; balance -l; balance -l; balance -l; balance -l; balance -l; balance -l; balance -l; balance -l; balance -l; balance -l; balance -l; balance -l; balance -l; balance -l; balance -l; balance -l; balance -l; balance -l; balance -l; balance -l; balance -l; balance -l; balance -l; balance -l; balance -l; balance -l; balance -l; balance -l; balance -l; balance -l; balance -l; balance -l; balance -l; balance -l; balance -l; balance -l; balance -l; balance -l; balance -l; balance -l; balance -l; balance -l; balance -l; balance -l; balance -l; balance -l; balance -l; balance -l; balance -l; balance -l; balance -l; balance -l; balance -l; balance -l; balance -l; balance -l; balance -l; balance -l; balance -l; balance -l; balance -l; balance -l; balance -l; balance -l; balance -l; balance -l; balance -l; balance -l; balance -l; balance -l; balance -l; balance -l; balance -l; balance -l; balance -l; balance -l; balance -l; balance -l; balance -l; balance -l; balance -l; balance -l; balance -l; balance -l; balance -l; balance -l; balance -l; balance -l; balance -l; balance -l; balance -l; balance -l; balance -l; balance -l; balance -l; balance -l; balance -l; balance -l; balance -l; balance -l; balance -l; balance -l; balance -l; balance -l; balance -l; balance -l; balance -l; balance -l; balance -l; balance -l; balance -l; balance -l; balance -l; balance -l; balance -l; balance -l; balance -l; balance -l; balance -l; balance -l; balance -l; balance -l; balance -l; balance -l; balance -l; balance -l; balance -l; balance -l; balance -l; balance -l; balance -l; balance -l; balance -l; balance -l; balance -l; balance -l; balance -l; balance -l; balance -l; balance -l; balance -l; balance -l; balance -l; balance -l; balance -l; balance -l; balance -l; balance -l; balance -l; balance -l; balance -l; balance -l; balance -l; balance -l; balance -l; balance -l; balance -l; balance -l; balance -l; balance -l; balance -l; balance -l; balance -l; balance -l; balance -l; balance -l; balance -l; balance -l; balance -l; balance -l; balance -l; balance -l; balance -l; balance -l; balance -l; balance -l; balance -l; balance -l; balance -l; balance -l; balance -l; balance -l; balance -l; balance -l; balance -l; balance -l; balance -l; balance -l; balance -l; balance -l; balance -l; balance -l; balance -l; balance -l; balance -l; balance -l; balance -l; balance -l; balance -l; balance -l; balance -l; balance -l; balance -l; balance -l; balance -l; balance -l; balance -l; balance -l; balance -l; balance -l; balance -l; balance -l; balance -l; balance -l; balance -l; balance -l; balance -l; balance -l; balance -l; balance -l; balance -l; balance -l; balance -l; balance -l; balance -l; balance -l; balance -l; balance -l; balance -l; balance -l; balance -l; balance -l; balance -l; balance -l; balance -l; balance -l; balance -l; balance -l; balance -l; balance -l; balance -l; balance -l; balance -l; balance -l; balance -l; balance -l; balance -l; balance -l; balance -l; balance -l; balance -l; balance -l; balance -l; balance -l; balance -l; balance -l; balance -l; balance -l; balance -l; balance -l; balance -l; balance -l; balance -l; balance -l; balance -l; balance -l; balance -l; balance -l; balance -l; balance -l; balance -l; balance -l; balance -l; balance -l; balance -l; balance -l; balance -l; balance -l; balance -l; balance -l; balance -l; balance -l; balance -l; balance -l; balance -l; balance -l; balance -l; balance -l; balance -l; balance -l; balance -l; balance -l; balance -l; balance -l; balance -l; balance -l; balance -l; balance -l; balance -l; balance -l; balance -l; balance -l; balance -l; balance -l; balance -l; balance -l; balance -l; balance -l; balance -l; balance -l; balance -l; balance -l; balance -l; balance -l; balance -l; balance -l; balance -l; balance -l; balance -l; balance -l; balance -l; balance -l; balance -l; balance -l; balance -l; balance -l; balance -l; balance -l; balance -l; balance -l; balance -l; balance -l; balance -l; balance -l; balance -l; balance -l; balance -l; balance -l; balance -l; balance -l; balance -l; balance -l; balance -l; balance -l; balance -l; balance -l; balance -l; balance -l; balance -l; balance -l; balance -l; balance -l; balance -l; balance -l; balance -l; balance -l; balance -l; balance -l; balance -l; balance -l; balance -l; balance -l; balance -l; balance -l; balance -l; balance -l; balance -l; balance -l; balance -l; balance -l; balance -l; balance -l; balance -l; balance -l; balance -l; balance -l; balance -l; balance -l; balance -l; balance -l; balance -l; balance -l; balance -l; balance -l; balance -l; balance -l; balance -l; balance -l; balance -l; balance -l; balance -l; balance -l; balance -l; balance -l; balance -l; balance -l; balance -l; balance -l; balance -l; balance -l; balance -l; balance -l; balance -l; balance -l; balance -l; balance -l; balance -l; balance -l; balance -l; balance -l; balance -l; balance -l; balance -l; balance -l; balance -l; balance -l; balance -l; balance -l; balance -l; balance -l; balance -l; balance -l; balance -l; balance -l; balance -l; balance -l; balance -l; balance -l; balance -l; balance -l; balance -l; balance -l; balance -l; balance -l; balance -l; balance -l; balance -l; balance -l; balance -l; balance -l; balance -l; balance -l; balance -l; balance -l; balance -l; balance -l; balance -l; balance -l; balance -l; balance -l; balance -l; balance -l; balance -l; balance -l; balance -l; balance -l; balance -l; balance -l; balance -l; balance -l; balance -l; balance -l; balance -l; balance -l; balance -l; balance -l; balance -l; balance -l; balance -l; balance -l; balance -l; balance -l; balance -l; balance -l; balance -l; balance -l; balance -l; balance -l; balance -l; balance -l; balance -l; balance -l; balance -l; balance -l; balance -l; balance -l; balance -l; balance -l; balance -l; balance -l; balance -l; balance -l; balance -l; balance -l; balance -l; balance -l; balance -l; balance -l; balance -l; balance -l; balance -l; balance -l; balance -l; balance -l; balance -l; balance -l; balance -l; balance -l; balance -l; balance -l; balance -l; balance -l; balance -l; balance -l; balance -l; balance -l; balance -l; balance -l; balance -l; balance -l; balance -l; balance -l; balance -l; balance -l; balance -l; balance -l; balance -l; balance -l; balance -l; balance -l; balance -l; balance -l; balance -l; balance -l; balance -l; balance -l; balance -l; balance -l; balance -l; balance -l; balance -l; balance -l; balance -l; balance -l; balance -l; balance -l; balance -l; balance -l; balance -l; balance -l; balance -l; balance -l; balance -l; balance -l; balance -l; balance -l; balance -l; balance -l; balance -l; balance -l; balance -l; balance -l; balance -l; balance -l; balance -l; balance -l; balance -l; balance -l; balance -l; balance -l; balance -l; balance -l; balance -l; balance -l; balance -l; balance -l; balance -l; balance -l; balance -l; balance -l; balance -l; balance -l; balance -l; balance -l; balance -l; balance -l; balance -l; balance -l; balance -l; balance -l; balance -l; balance -l; balance -l; balance -l; balance -l; balance -l; balance -l; balance -l; balance -l; balance -l; balance -l; balance -l; balance -l; balance -l; balance -l; balance -l; balance -l; balance -l; balance -l; balance -l; balance -l; balance -l; balance -l; balance -l; balance -l; balance -l; balance -l; balance -l; balance -l; balance -l; balance -l; balance -l; balance -l; balance -l; balance -l; balance -l; balance -l; balance -l; balance -l; balance -l; balance -l; balance -l; balance -l; balance -l; balance -l; balance -l; balance -l; balance -l; balance -l; balance -l; balance -l; balance -l; balance -l; balance -l; balance -l; balance -l; balance -l; balance -l; balance -l; balance -l; balance -l; balance -l; balance -l; balance -l; balance -l; balance -l; balance -l; balance -l; balance -l; balance -l; balance -l; 
1141
bar,2952,14
rewrite -z -l; rewrite -z -l; rewrite -z -l; rewrite -z -l; rewrite -z -l; rewrite -z -l; rewrite -z -l; rewrite -z -l; rewrite -z -l; rewrite -z -l; rewrite -z -l; rewrite -z -l; rewrite -z -l; rewrite -z -l; rewrite -z -l; rewrite -z -l; rewrite -z -l; rewrite -z -l; rewrite -z -l; rewrite -z -l; rewrite -z -l; rewrite -z -l; rewrite -z -l; rewrite -z -l; 
24
